year,word,notes
1917,ACTA,310
1917,ACUERDO,106
1917,AUTORIZACION,10
1917,AVISO,73
1917,CIRCULAR,182
1917,CONVENIO,1
1917,DECLARACION,210
1917,DECRETO,152
1917,FE,1
1917,NOTIFICACION,33
1917,OFICIO,95
1917,OTHER,1285
1917,RESOLUCION,48
1917,SOLICITUD,164
1918,ACTA,286
1918,ACUERDO,52
1918,AUTORIZACION,14
1918,AVISO,42
1918,CIRCULAR,249
1918,DECLARACION,382
1918,DECRETO,163
1918,FE,3
1918,NOTIFICACION,54
1918,OFICIO,77
1918,OTHER,1371
1918,RESOLUCION,75
1918,SOLICITUD,231
1919,ACTA,376
1919,ACUERDO,87
1919,AUTORIZACION,27
1919,AVISO,24
1919,CANCELACION,101
1919,CIRCULAR,257
1919,CONVENIO,1
1919,DECLARACION,274
1919,DECLARATORIA,2
1919,DECRETO,178
1919,NOTIFICACION,52
1919,OFICIO,119
1919,OTHER,1111
1919,RESOLUCION,168
1919,SOLICITUD,467
1920,ACTA,285
1920,ACUERDO,147
1920,AUTORIZACION,13
1920,AVISO,41
1920,CANCELACION,393
1920,CIRCULAR,175
1920,CONVENIO,2
1920,DECLARACION,298
1920,DECLARATORIA,9
1920,DECRETO,228
1920,FE,1
1920,NOTIFICACION,14
1920,OFICIO,151
1920,OTHER,1183
1920,RESOLUCION,137
1920,SOLICITUD,352
1921,ACTA,340
1921,ACUERDO,130
1921,AUTORIZACION,5
1921,AVISO,24
1921,CANCELACION,431
1921,CIRCULAR,187
1921,CONVENIO,3
1921,DECLARACION,319
1921,DECLARATORIA,17
1921,DECRETO,482
1921,ESTADOS,4
1921,NOTIFICACION,8
1921,OFICIO,310
1921,OTHER,1260
1921,RESOLUCION,225
1921,SOLICITUD,622
1922,ACTA,200
1922,ACUERDO,279
1922,AUTORIZACION,2
1922,AVISO,44
1922,CANCELACION,294
1922,CIRCULAR,178
1922,CONVENIO,6
1922,DECLARACION,324
1922,DECLARATORIA,3
1922,DECRETO,423
1922,NOTIFICACION,53
1922,OFICIO,414
1922,OTHER,1266
1922,RESOLUCION,74
1922,SOLICITUD,749
1923,ACTA,195
1923,ACUERDO,308
1923,AUTORIZACION,8
1923,AVISO,19
1923,CANCELACION,176
1923,CIRCULAR,633
1923,CONVENIO,1
1923,DECLARACION,464
1923,DECLARATORIA,8
1923,DECRETO,326
1923,FE,1
1923,NOTIFICACION,21
1923,OFICIO,122
1923,OTHER,1741
1923,RESOLUCION,151
1923,SOLICITUD,825
1924,ACTA,133
1924,ACUERDO,279
1924,AUTORIZACION,33
1924,AVISO,18
1924,CANCELACION,758
1924,CIRCULAR,470
1924,CONVENIO,2
1924,DECLARACION,350
1924,DECLARATORIA,21
1924,DECRETO,584
1924,NOTIFICACION,56
1924,OFICIO,155
1924,OTHER,1202
1924,RESOLUCION,360
1924,SOLICITUD,653
1925,ACTA,125
1925,ACUERDO,230
1925,AUTORIZACION,20
1925,AVISO,60
1925,CANCELACION,1639
1925,CIRCULAR,367
1925,CONVENIO,7
1925,DECLARACION,467
1925,DECLARATORIA,16
1925,DECRETO,523
1925,NOTIFICACION,115
1925,OFICIO,235
1925,OTHER,1184
1925,RESOLUCION,486
1925,SOLICITUD,795
1926,ACTA,115
1926,ACUERDO,165
1926,AUTORIZACION,45
1926,AVISO,79
1926,CANCELACION,64
1926,CIRCULAR,225
1926,CONVENIO,1
1926,DECLARACION,477
1926,DECLARATORIA,17
1926,DECRETO,591
1926,ESTADOS,1
1926,EXTRACTO,3
1926,NOTIFICACION,53
1926,OFICIO,148
1926,OTHER,930
1926,RESOLUCION,416
1926,SOLICITUD,912
1927,ACTA,94
1927,ACUERDO,249
1927,AUTORIZACION,25
1927,AVISO,166
1927,CANCELACION,526
1927,CIRCULAR,195
1927,CONVENIO,4
1927,DECLARACION,319
1927,DECLARATORIA,18
1927,DECRETO,515
1927,EXTRACTO,30
1927,FE,1
1927,NOTIFICACION,31
1927,OFICIO,110
1927,OTHER,1102
1927,RESOLUCION,643
1927,SOLICITUD,1039
1928,ACTA,121
1928,ACUERDO,101
1928,AUTORIZACION,30
1928,AVISO,19
1928,CANCELACION,567
1928,CIRCULAR,136
1928,CONVENIO,8
1928,DECLARACION,222
1928,DECLARATORIA,1
1928,DECRETO,442
1928,EXTRACTO,2
1928,FE,1
1928,NOTIFICACION,32
1928,OFICIO,50
1928,OTHER,1619
1928,RESOLUCION,407
1928,SOLICITUD,841
1929,ACTA,127
1929,ACUERDO,251
1929,AUTORIZACION,37
1929,AVISO,30
1929,CANCELACION,382
1929,CIRCULAR,115
1929,CONVENIO,4
1929,DECLARACION,227
1929,DECLARATORIA,3
1929,DECRETO,449
1929,EXTRACTO,5
1929,NOTIFICACION,85
1929,OFICIO,65
1929,OTHER,1562
1929,RESOLUCION,594
1929,SOLICITUD,676
1930,ACTA,86
1930,ACUERDO,249
1930,AUTORIZACION,77
1930,AVISO,34
1930,CANCELACION,299
1930,CIRCULAR,169
1930,CONVENIO,1
1930,DECLARACION,255
1930,DECLARATORIA,24
1930,DECRETO,328
1930,EXTRACTO,2
1930,NOTIFICACION,109
1930,OFICIO,51
1930,OTHER,1465
1930,RESOLUCION,1013
1930,SOLICITUD,265
1931,ACTA,136
1931,ACUERDO,314
1931,AUTORIZACION,109
1931,AVISO,60
1931,CANCELACION,266
1931,CIRCULAR,106
1931,CONVENIO,1
1931,DECLARACION,189
1931,DECLARATORIA,3
1931,DECRETO,443
1931,ESTADOS,1
1931,FE,5
1931,NOTIFICACION,30
1931,OFICIO,62
1931,OTHER,1248
1931,RESOLUCION,514
1931,SOLICITUD,309
1932,ACTA,128
1932,ACUERDO,191
1932,AUTORIZACION,73
1932,AVISO,147
1932,CANCELACION,339
1932,CIRCULAR,163
1932,CONVENIO,1
1932,DECLARACION,143
1932,DECLARATORIA,5
1932,DECRETO,681
1932,FE,29
1932,NOTIFICACION,20
1932,OFICIO,53
1932,OTHER,1085
1932,RESOLUCION,304
1932,SOLICITUD,273
1933,ACTA,83
1933,ACUERDO,243
1933,AUTORIZACION,82
1933,AVISO,107
1933,CANCELACION,826
1933,CIRCULAR,187
1933,CONVENIO,1
1933,DECLARACION,108
1933,DECRETO,819
1933,FE,29
1933,NOTIFICACION,39
1933,OFICIO,99
1933,OTHER,900
1933,RESOLUCION,421
1933,SOLICITUD,139
1934,ACTA,89
1934,ACUERDO,1174
1934,AUTORIZACION,62
1934,AVISO,184
1934,CANCELACION,296
1934,CIRCULAR,147
1934,CONVENIO,42
1934,DECLARACION,173
1934,DECLARATORIA,2
1934,DECRETO,793
1934,FE,42
1934,NOTIFICACION,14
1934,OFICIO,58
1934,OTHER,844
1934,RESOLUCION,1227
1934,SOLICITUD,148
1935,ACTA,60
1935,ACUERDO,394
1935,AUTORIZACION,71
1935,AVISO,177
1935,CANCELACION,41
1935,CIRCULAR,156
1935,CONVENIO,8
1935,DECLARACION,237
1935,DECLARATORIA,54
1935,DECRETO,715
1935,FE,39
1935,NOTIFICACION,15
1935,OFICIO,105
1935,OTHER,253
1935,RESOLUCION,1180
1935,SOLICITUD,131
1936,ACTA,66
1936,ACUERDO,293
1936,AUTORIZACION,79
1936,AVISO,138
1936,CANCELACION,48
1936,CIRCULAR,171
1936,CONVENIO,8
1936,DECLARACION,231
1936,DECLARATORIA,104
1936,DECRETO,636
1936,FE,45
1936,NOTIFICACION,52
1936,OFICIO,112
1936,OTHER,267
1936,RESOLUCION,2303
1936,SOLICITUD,157
1937,ACTA,62
1937,ACUERDO,266
1937,AUTORIZACION,69
1937,AVISO,192
1937,CANCELACION,39
1937,CIRCULAR,137
1937,DECLARACION,85
1937,DECLARATORIA,145
1937,DECRETO,459
1937,FE,15
1937,NOTIFICACION,37
1937,OFICIO,176
1937,OTHER,276
1937,RESOLUCION,2377
1937,SOLICITUD,319
1938,ACTA,127
1938,ACUERDO,170
1938,AUTORIZACION,69
1938,AVISO,27
1938,CANCELACION,43
1938,CIRCULAR,106
1938,DECLARACION,100
1938,DECLARATORIA,86
1938,DECRETO,294
1938,FE,14
1938,NOTIFICACION,36
1938,OFICIO,65
1938,OTHER,398
1938,RESOLUCION,1258
1938,SOLICITUD,263
1939,ACTA,81
1939,ACUERDO,253
1939,AUTORIZACION,35
1939,AVISO,25
1939,CANCELACION,53
1939,CIRCULAR,137
1939,CONVENIO,1
1939,DECLARACION,122
1939,DECLARATORIA,167
1939,DECRETO,268
1939,EXTRACTO,1
1939,FE,27
1939,NOTIFICACION,6
1939,OFICIO,82
1939,OTHER,333
1939,RESOLUCION,2462
1939,SOLICITUD,273
1940,ACTA,95
1940,ACUERDO,1125
1940,AUTORIZACION,122
1940,AVISO,37
1940,CANCELACION,48
1940,CIRCULAR,97
1940,CONVENIO,2
1940,DECLARACION,122
1940,DECLARATORIA,19
1940,DECRETO,344
1940,EXTRACTO,4
1940,FE,31
1940,NOTIFICACION,11
1940,OFICIO,66
1940,OTHER,386
1940,RESOLUCION,2275
1940,SOLICITUD,368
1941,ACTA,158
1941,ACUERDO,1182
1941,AUTORIZACION,158
1941,AVISO,144
1941,CANCELACION,48
1941,CIRCULAR,89
1941,DECLARACION,92
1941,DECLARATORIA,52
1941,DECRETO,327
1941,EXTRACTO,8
1941,FE,25
1941,NOTIFICACION,12
1941,OFICIO,66
1941,OTHER,393
1941,RESOLUCION,1590
1941,SOLICITUD,353
1942,ACTA,122
1942,ACUERDO,1339
1942,AUTORIZACION,143
1942,AVISO,252
1942,CANCELACION,88
1942,CIRCULAR,90
1942,CONVENIO,1
1942,DECLARACION,75
1942,DECLARATORIA,107
1942,DECRETO,366
1942,EXTRACTO,4
1942,FE,21
1942,NOTIFICACION,16
1942,OFICIO,61
1942,OTHER,343
1942,RESOLUCION,1562
1942,SOLICITUD,355
1943,ACTA,145
1943,ACUERDO,1462
1943,AUTORIZACION,153
1943,AVISO,235
1943,CANCELACION,62
1943,CIRCULAR,77
1943,CONVENIO,2
1943,DECLARACION,59
1943,DECLARATORIA,89
1943,DECRETO,457
1943,EXTRACTO,15
1943,FE,36
1943,NOTIFICACION,15
1943,OFICIO,58
1943,OTHER,454
1943,RESOLUCION,1000
1943,SOLICITUD,247
1944,ACTA,69
1944,ACUERDO,1400
1944,AUTORIZACION,170
1944,AVISO,256
1944,CANCELACION,39
1944,CIRCULAR,89
1944,CONVENIO,3
1944,DECLARACION,31
1944,DECLARATORIA,8
1944,DECRETO,472
1944,EXTRACTO,94
1944,FE,57
1944,NOTIFICACION,20
1944,OFICIO,72
1944,OTHER,366
1944,RESOLUCION,1007
1944,SOLICITUD,314
1945,ACTA,93
1945,ACUERDO,1936
1945,AUTORIZACION,266
1945,AVISO,297
1945,CANCELACION,137
1945,CIRCULAR,79
1945,CONVENIO,1
1945,DECLARACION,32
1945,DECLARATORIA,31
1945,DECRETO,480
1945,EXTRACTO,15
1945,FE,41
1945,NOTIFICACION,5
1945,OFICIO,56
1945,OTHER,392
1945,RESOLUCION,823
1945,SOLICITUD,412
1946,ACTA,97
1946,ACUERDO,2045
1946,AUTORIZACION,261
1946,AVISO,401
1946,CANCELACION,58
1946,CIRCULAR,96
1946,CONVENIO,3
1946,DECLARACION,43
1946,DECLARATORIA,5
1946,DECRETO,526
1946,EXTRACTO,31
1946,FE,76
1946,NOTIFICACION,23
1946,OFICIO,179
1946,OTHER,431
1946,RESOLUCION,1108
1946,SOLICITUD,487
1947,ACTA,127
1947,ACUERDO,2224
1947,AUTORIZACION,169
1947,AVISO,249
1947,CANCELACION,86
1947,CIRCULAR,90
1947,CONVENIO,3
1947,DECLARACION,17
1947,DECLARATORIA,2
1947,DECRETO,462
1947,EXTRACTO,8
1947,FE,75
1947,NOTIFICACION,160
1947,OFICIO,64
1947,OTHER,341
1947,RESOLUCION,1148
1947,SOLICITUD,467
1948,ACTA,134
1948,ACUERDO,2054
1948,AUTORIZACION,243
1948,AVISO,195
1948,CANCELACION,85
1948,CIRCULAR,104
1948,CONVENIO,9
1948,DECLARACION,26
1948,DECLARATORIA,17
1948,DECRETO,387
1948,EXTRACTO,3
1948,FE,83
1948,NOTIFICACION,21
1948,OFICIO,113
1948,OTHER,357
1948,RESOLUCION,1163
1948,SOLICITUD,509
1949,ACTA,151
1949,ACUERDO,2831
1949,AUTORIZACION,223
1949,AVISO,151
1949,CANCELACION,77
1949,CIRCULAR,130
1949,CONVENIO,7
1949,DECLARACION,41
1949,DECLARATORIA,4
1949,DECRETO,470
1949,FE,75
1949,NOTIFICACION,38
1949,OFICIO,110
1949,OTHER,317
1949,RESOLUCION,1353
1949,SOLICITUD,423
1949,TIPO,2
1950,ACTA,103
1950,ACUERDO,1649
1950,AUTORIZACION,175
1950,AVISO,338
1950,CANCELACION,64
1950,CIRCULAR,150
1950,CONVENIO,7
1950,DECLARACION,24
1950,DECLARATORIA,3
1950,DECRETO,467
1950,EXTRACTO,3
1950,FE,87
1950,NOTIFICACION,34
1950,OFICIO,117
1950,OTHER,383
1950,RESOLUCION,1091
1950,SOLICITUD,581
1951,ACTA,79
1951,ACUERDO,1685
1951,AUTORIZACION,201
1951,AVISO,329
1951,CANCELACION,56
1951,CIRCULAR,144
1951,CONVENIO,4
1951,DECLARACION,63
1951,DECLARATORIA,16
1951,DECRETO,502
1951,FE,129
1951,NOTIFICACION,34
1951,OFICIO,159
1951,OTHER,371
1951,RESOLUCION,1540
1951,SOLICITUD,742
1952,ACTA,95
1952,ACUERDO,1162
1952,AUTORIZACION,174
1952,AVISO,392
1952,CANCELACION,59
1952,CIRCULAR,166
1952,CONVENIO,7
1952,DECLARACION,111
1952,DECLARATORIA,70
1952,DECRETO,500
1952,FE,114
1952,NOTIFICACION,20
1952,OFICIO,132
1952,OTHER,417
1952,RESOLUCION,1380
1952,SOLICITUD,981
1953,ACTA,113
1953,ACUERDO,1349
1953,AUTORIZACION,146
1953,AVISO,358
1953,CANCELACION,48
1953,CIRCULAR,148
1953,COMISION,1
1953,CONVENIO,2
1953,DECLARACION,109
1953,DECLARATORIA,133
1953,DECRETO,362
1953,FE,74
1953,NOTIFICACION,23
1953,OFICIO,115
1953,OTHER,532
1953,RESOLUCION,1113
1953,SOLICITUD,859
1954,ACTA,103
1954,ACUERDO,1464
1954,AUTORIZACION,193
1954,AVISO,280
1954,CANCELACION,62
1954,CIRCULAR,172
1954,CONVENIO,13
1954,DECLARACION,55
1954,DECLARATORIA,207
1954,DECRETO,466
1954,FE,105
1954,NOTIFICACION,12
1954,OFICIO,150
1954,OTHER,640
1954,RESOLUCION,1045
1954,SOLICITUD,734
1955,ACTA,87
1955,ACUERDO,1016
1955,AUTORIZACION,177
1955,AVISO,62
1955,CANCELACION,48
1955,CIRCULAR,224
1955,CONVENIO,4
1955,DECLARACION,103
1955,DECLARATORIA,53
1955,DECRETO,399
1955,FE,94
1955,NOTIFICACION,41
1955,OFICIO,151
1955,OTHER,640
1955,RESOLUCION,1118
1955,SOLICITUD,534
1956,ACTA,43
1956,ACUERDO,1062
1956,AUTORIZACION,130
1956,AVISO,152
1956,CANCELACION,46
1956,CIRCULAR,224
1956,CONVENIO,7
1956,DECLARACION,119
1956,DECLARATORIA,20
1956,DECRETO,359
1956,FE,92
1956,NOTIFICACION,169
1956,OFICIO,157
1956,OTHER,563
1956,RESOLUCION,1002
1956,SECRETARIA,1
1956,SOLICITUD,398
1957,ACTA,113
1957,ACUERDO,881
1957,AUTORIZACION,127
1957,AVISO,144
1957,CANCELACION,25
1957,CIRCULAR,208
1957,CONVENIO,2
1957,DECLARACION,91
1957,DECLARATORIA,32
1957,DECRETO,318
1957,FE,86
1957,NOTIFICACION,170
1957,OFICIO,316
1957,OTHER,607
1957,RESOLUCION,833
1957,SOLICITUD,419
1958,ACTA,29
1958,ACUERDO,1048
1958,AUTORIZACION,97
1958,AVISO,109
1958,CANCELACION,38
1958,CIRCULAR,188
1958,CONVENIO,1
1958,DECLARACION,40
1958,DECLARATORIA,48
1958,DECRETO,365
1958,FE,65
1958,NOTIFICACION,253
1958,OFICIO,287
1958,OTHER,689
1958,RESOLUCION,1122
1958,SOLICITUD,379
1959,ACTA,143
1959,ACUERDO,531
1959,AUTORIZACION,85
1959,AVISO,102
1959,CANCELACION,58
1959,CIRCULAR,186
1959,CONVENIO,9
1959,DECLARACION,132
1959,DECLARATORIA,64
1959,DECRETO,392
1959,EXTRACTO,13
1959,FE,88
1959,NOTIFICACION,215
1959,OFICIO,276
1959,OTHER,545
1959,RESOLUCION,959
1959,SOLICITUD,725
1960,ACTA,216
1960,ACUERDO,374
1960,AUTORIZACION,251
1960,AVISO,217
1960,CANCELACION,50
1960,CIRCULAR,232
1960,CONVENIO,9
1960,DECLARACION,114
1960,DECLARATORIA,74
1960,DECRETO,393
1960,EXTRACTO,86
1960,FE,100
1960,NOTIFICACION,143
1960,OFICIO,278
1960,OTHER,501
1960,RESOLUCION,975
1960,SOLICITUD,639
1961,ACTA,50
1961,ACUERDO,601
1961,AUTORIZACION,271
1961,AVISO,265
1961,CANCELACION,51
1961,CIRCULAR,197
1961,CONVENIO,11
1961,DECLARACION,110
1961,DECLARATORIA,99
1961,DECRETO,434
1961,EXTRACTO,61
1961,FE,94
1961,NOTIFICACION,201
1961,OFICIO,313
1961,OTHER,500
1961,RESOLUCION,734
1961,SOLICITUD,481
1962,ACTA,157
1962,ACUERDO,343
1962,AUTORIZACION,120
1962,AVISO,308
1962,CANCELACION,75
1962,CIRCULAR,270
1962,CONVENIO,13
1962,DECLARACION,75
1962,DECLARATORIA,181
1962,DECRETO,449
1962,EXTRACTO,12
1962,FE,120
1962,NOTIFICACION,200
1962,OFICIO,419
1962,OTHER,474
1962,RESOLUCION,742
1962,SOLICITUD,531
1963,ACTA,49
1963,ACUERDO,452
1963,AUTORIZACION,101
1963,AVISO,69
1963,CANCELACION,101
1963,CIRCULAR,441
1963,CONVENIO,27
1963,DECLARACION,67
1963,DECLARATORIA,187
1963,DECRETO,562
1963,EXTRACTO,9
1963,FE,115
1963,NOTIFICACION,129
1963,OFICIO,371
1963,OTHER,540
1963,RESOLUCION,708
1963,SOLICITUD,527
1964,ACTA,62
1964,ACUERDO,712
1964,AUTORIZACION,102
1964,AVISO,31
1964,CANCELACION,72
1964,CIRCULAR,347
1964,COMISION,2
1964,CONVENIO,8
1964,DECLARACION,85
1964,DECLARATORIA,81
1964,DECRETO,794
1964,EXTRACTO,37
1964,FE,266
1964,NOTIFICACION,157
1964,OFICIO,258
1964,OTHER,868
1964,RESOLUCION,1244
1964,SOLICITUD,716
1965,ACTA,61
1965,ACUERDO,362
1965,AUTORIZACION,116
1965,AVISO,47
1965,CANCELACION,91
1965,CIRCULAR,270
1965,CONVENIO,26
1965,DECLARACION,67
1965,DECLARATORIA,58
1965,DECRETO,402
1965,EXTRACTO,15
1965,FE,140
1965,NOTIFICACION,39
1965,OFICIO,280
1965,OTHER,817
1965,RESOLUCION,889
1965,SOLICITUD,779
1966,ACTA,78
1966,ACUERDO,266
1966,AUTORIZACION,151
1966,AVISO,130
1966,CANCELACION,96
1966,CIRCULAR,189
1966,CONVENIO,8
1966,DECLARACION,41
1966,DECLARATORIA,70
1966,DECRETO,503
1966,EXTRACTO,8
1966,FE,180
1966,NOTIFICACION,147
1966,OFICIO,339
1966,OTHER,579
1966,RESOLUCION,1019
1966,SOLICITUD,1511
1967,ACTA,7
1967,ACUERDO,942
1967,AUTORIZACION,96
1967,AVISO,106
1967,CANCELACION,85
1967,CIRCULAR,224
1967,CONVENIO,8
1967,DECLARACION,50
1967,DECLARATORIA,89
1967,DECRETO,457
1967,EXTRACTO,25
1967,FE,151
1967,NOTIFICACION,132
1967,OFICIO,492
1967,OTHER,515
1967,RESOLUCION,1542
1967,SOLICITUD,719
1968,ACTA,118
1968,ACUERDO,782
1968,AUTORIZACION,63
1968,AVISO,71
1968,CANCELACION,44
1968,CIRCULAR,182
1968,CONVENIO,36
1968,DECLARACION,86
1968,DECLARATORIA,97
1968,DECRETO,355
1968,EXTRACTO,23
1968,FE,131
1968,NOTIFICACION,190
1968,OFICIO,456
1968,OTHER,804
1968,RESOLUCION,1304
1968,SOLICITUD,474
1969,ACTA,202
1969,ACUERDO,989
1969,AUTORIZACION,128
1969,AVISO,31
1969,CANCELACION,124
1969,CIRCULAR,168
1969,CONVENIO,8
1969,DECLARACION,48
1969,DECLARATORIA,60
1969,DECRETO,350
1969,EXTRACTO,38
1969,FE,111
1969,NOTIFICACION,119
1969,OFICIO,395
1969,OTHER,603
1969,RESOLUCION,1388
1969,SOLICITUD,331
1970,ACTA,187
1970,ACUERDO,2275
1970,AUTORIZACION,85
1970,AVISO,53
1970,CANCELACION,62
1970,CIRCULAR,198
1970,COMISION,1
1970,CONVENIO,63
1970,DECLARACION,71
1970,DECLARATORIA,95
1970,DECRETO,525
1970,EXTRACTO,32
1970,FE,176
1970,NOTIFICACION,135
1970,OFICIO,368
1970,OTHER,387
1970,RESOLUCION,1734
1970,SOLICITUD,362
1971,ACTA,177
1971,ACUERDO,610
1971,AUTORIZACION,39
1971,AVISO,44
1971,CANCELACION,51
1971,CIRCULAR,147
1971,CONVENIO,92
1971,DECLARACION,32
1971,DECLARATORIA,81
1971,DECRETO,341
1971,EXTRACTO,1
1971,FE,149
1971,NOTIFICACION,51
1971,OFICIO,365
1971,OTHER,395
1971,RESOLUCION,1146
1971,SOLICITUD,374
1972,ACTA,184
1972,ACUERDO,634
1972,AUTORIZACION,34
1972,AVISO,56
1972,CANCELACION,25
1972,CIRCULAR,199
1972,CONVENIO,44
1972,DECLARACION,15
1972,DECLARATORIA,102
1972,DECRETO,469
1972,EXTRACTO,8
1972,FE,87
1972,NOTIFICACION,200
1972,OFICIO,347
1972,OTHER,280
1972,RESOLUCION,1142
1972,SOLICITUD,644
1973,ACTA,162
1973,ACUERDO,817
1973,AUTORIZACION,50
1973,AVISO,89
1973,CANCELACION,21
1973,CIRCULAR,194
1973,CONVENIO,81
1973,DECLARACION,174
1973,DECLARATORIA,76
1973,DECRETO,455
1973,EXTRACTO,6
1973,FE,80
1973,NOTIFICACION,488
1973,OFICIO,339
1973,OTHER,489
1973,RESOLUCION,983
1973,SOLICITUD,325
1974,ACTA,82
1974,ACUERDO,1609
1974,AUTORIZACION,51
1974,AVISO,87
1974,CANCELACION,28
1974,CIRCULAR,183
1974,CONVENIO,46
1974,DECLARACION,9
1974,DECLARATORIA,62
1974,DECRETO,734
1974,EXTRACTO,28
1974,FE,171
1974,NOTIFICACION,615
1974,OFICIO,417
1974,OTHER,383
1974,RESOLUCION,2064
1974,SOLICITUD,205
1975,ACTA,94
1975,ACUERDO,1455
1975,AUTORIZACION,56
1975,AVISO,63
1975,CANCELACION,18
1975,CIRCULAR,121
1975,CONVENIO,27
1975,DECLARACION,28
1975,DECLARATORIA,64
1975,DECRETO,887
1975,EXTRACTO,18
1975,FE,106
1975,NOTIFICACION,641
1975,OFICIO,430
1975,OTHER,540
1975,RESOLUCION,3134
1975,SOLICITUD,281
1976,ACTA,49
1976,ACUERDO,797
1976,AUTORIZACION,60
1976,AVISO,45
1976,CANCELACION,28
1976,CIRCULAR,138
1976,COMISION,1
1976,CONVENIO,68
1976,DECLARACION,88
1976,DECLARATORIA,30
1976,DECRETO,1208
1976,EXTRACTO,7
1976,FE,109
1976,NOTIFICACION,629
1976,OFICIO,435
1976,OTHER,619
1976,RESOLUCION,5012
1976,SOLICITUD,395
1977,ACTA,11
1977,ACUERDO,523
1977,AUTORIZACION,73
1977,AVISO,77
1977,CANCELACION,25
1977,CIRCULAR,76
1977,CONVENIO,56
1977,DECLARACION,4
1977,DECLARATORIA,81
1977,DECRETO,413
1977,EXTRACTO,3
1977,FE,94
1977,NOTIFICACION,1497
1977,OFICIO,556
1977,OTHER,557
1977,RESOLUCION,1739
1977,SOLICITUD,124
1978,ACTA,9
1978,ACUERDO,563
1978,AUTORIZACION,42
1978,AVISO,122
1978,CANCELACION,24
1978,CIRCULAR,49
1978,CONVENIO,47
1978,DECLARACION,7
1978,DECLARATORIA,434
1978,DECRETO,1248
1978,EXTRACTO,11
1978,FE,243
1978,NOTIFICACION,1332
1978,OFICIO,566
1978,OTHER,430
1978,RESOLUCION,2057
1978,SOLICITUD,98
1979,ACTA,5
1979,ACUERDO,918
1979,AUTORIZACION,52
1979,AVISO,268
1979,CANCELACION,17
1979,CIRCULAR,25
1979,CONVENIO,67
1979,DECLARATORIA,356
1979,DECRETO,998
1979,EXTRACTO,27
1979,FE,127
1979,NOTIFICACION,903
1979,OFICIO,519
1979,OTHER,543
1979,RESOLUCION,3679
1979,SOLICITUD,113
1980,ACTA,1
1980,ACUERDO,2533
1980,AUTORIZACION,50
1980,AVISO,347
1980,CANCELACION,13
1980,CIRCULAR,7
1980,CONVENIO,102
1980,DECLARATORIA,239
1980,DECRETO,985
1980,EXTRACTO,8
1980,FE,193
1980,NOTIFICACION,437
1980,OFICIO,535
1980,OTHER,655
1980,RESOLUCION,4783
1980,SOLICITUD,39
1981,ACTA,1
1981,ACUERDO,2029
1981,AUTORIZACION,32
1981,AVISO,118
1981,CANCELACION,16
1981,CIRCULAR,15
1981,CONVENIO,16
1981,DECLARATORIA,334
1981,DECRETO,1075
1981,EXTRACTO,15
1981,FE,94
1981,NOTIFICACION,180
1981,OFICIO,606
1981,OTHER,1069
1981,RESOLUCION,3207
1981,SOLICITUD,42
1982,ACTA,3
1982,ACUERDO,813
1982,AUTORIZACION,37
1982,AVISO,96
1982,CANCELACION,22
1982,CIRCULAR,20
1982,CONVENIO,103
1982,DECLARATORIA,304
1982,DECRETO,820
1982,EXTRACTO,57
1982,FE,330
1982,NOTIFICACION,366
1982,OFICIO,583
1982,OTHER,1081
1982,RESOLUCION,1116
1982,SOLICITUD,334
1983,ACTA,2
1983,ACUERDO,776
1983,AUTORIZACION,65
1983,AVISO,253
1983,CANCELACION,21
1983,CIRCULAR,7
1983,CONVENIO,92
1983,DECLARATORIA,442
1983,DECRETO,492
1983,EXTRACTO,36
1983,FE,65
1983,NOTIFICACION,98
1983,OFICIO,445
1983,OTHER,896
1983,RESOLUCION,1708
1983,SOLICITUD,493
1984,ACTA,9
1984,ACUERDO,1053
1984,AUTORIZACION,23
1984,AVISO,324
1984,CANCELACION,11
1984,CIRCULAR,21
1984,COMISION,2
1984,CONVENIO,68
1984,DECLARATORIA,178
1984,DECRETO,783
1984,EXTRACTO,24
1984,FE,144
1984,INSTITUTO,1
1984,NOTIFICACION,18
1984,OFICIO,581
1984,OTHER,553
1984,RESOLUCION,1196
1984,SOLICITUD,626
1985,ACTA,3
1985,ACUERDO,614
1985,AUTORIZACION,19
1985,AVISO,744
1985,CANCELACION,6
1985,CIRCULAR,18
1985,COMISION,2
1985,CONVENIO,47
1985,DECLARATORIA,310
1985,DECRETO,808
1985,EXTRACTO,19
1985,FE,154
1985,NOTIFICACION,4
1985,OFICIO,604
1985,OTHER,627
1985,RESOLUCION,539
1985,SECRETARIA,2
1985,SOLICITUD,574
1986,ACTA,4
1986,ACUERDO,687
1986,AUTORIZACION,5
1986,AVISO,326
1986,CANCELACION,5
1986,CIRCULAR,31
1986,CONVENIO,58
1986,DECLARATORIA,178
1986,DECRETO,573
1986,EXTRACTO,11
1986,FE,119
1986,OFICIO,641
1986,OTHER,589
1986,RESOLUCION,511
1986,SOLICITUD,509
1986,TASAS,1
1987,ACTA,2
1987,ACUERDO,919
1987,AUTORIZACION,7
1987,AVISO,1110
1987,CIRCULAR,11
1987,CONVENIO,90
1987,DECLARATORIA,647
1987,DECRETO,870
1987,EXTRACTO,8
1987,FE,106
1987,OFICIO,481
1987,OTHER,699
1987,RESOLUCION,663
1987,SOLICITUD,735
1988,ACTA,6
1988,ACUERDO,1006
1988,AUTORIZACION,6
1988,AVISO,556
1988,CANCELACION,1
1988,CIRCULAR,8
1988,COMISION,1
1988,CONVENIO,104
1988,DECLARATORIA,1134
1988,DECRETO,741
1988,EXTRACTO,20
1988,FE,203
1988,OFICIO,307
1988,OTHER,859
1988,RESOLUCION,638
1988,SOLICITUD,862
1989,ACUERDO,656
1989,AUTORIZACION,25
1989,AVISO,271
1989,CIRCULAR,21
1989,CONVENIO,96
1989,DECLARATORIA,487
1989,DECRETO,561
1989,EXTRACTO,5
1989,FE,91
1989,OFICIO,263
1989,OTHER,386
1989,RESOLUCION,480
1989,SOLICITUD,713
1990,ACTA,1
1990,ACUERDO,758
1990,AUTORIZACION,89
1990,AVISO,243
1990,CIRCULAR,22
1990,COMISION,1
1990,CONVENIO,91
1990,DECLARATORIA,457
1990,DECRETO,786
1990,EXTRACTO,21
1990,FE,81
1990,NOTIFICACION,14
1990,OFICIO,250
1990,OTHER,478
1990,RESOLUCION,314
1990,SOLICITUD,960
1991,ACUERDO,770
1991,AUTORIZACION,91
1991,AVISO,296
1991,CIRCULAR,34
1991,CONVENIO,84
1991,DECLARATORIA,555
1991,DECRETO,891
1991,EXTRACTO,24
1991,FE,90
1991,NOTIFICACION,60
1991,OFICIO,267
1991,OTHER,599
1991,RESOLUCION,461
1991,SOLICITUD,1062
1992,ACTA,1
1992,ACUERDO,782
1992,AUTORIZACION,154
1992,AVISO,817
1992,CIRCULAR,37
1992,CONVENIO,75
1992,DECLARACION,1
1992,DECLARATORIA,585
1992,DECRETO,748
1992,EXTRACTO,20
1992,FE,177
1992,NOTIFICACION,92
1992,OFICIO,292
1992,OTHER,675
1992,RESOLUCION,207
1992,SOLICITUD,626
1993,ACTA,4
1993,ACUERDO,805
1993,AUTORIZACION,111
1993,AVISO,369
1993,CIRCULAR,36
1993,CONVENIO,133
1993,DECLARATORIA,984
1993,DECRETO,1588
1993,EXTRACTO,1710
1993,FE,114
1993,NOTIFICACION,79
1993,OFICIO,311
1993,OTHER,2221
1993,RESOLUCION,311
1993,SOLICITUD,134
1993,TASAS,259
1993,TIPO,251
1994,ACTA,9
1994,ACUERDO,1357
1994,AUTORIZACION,90
1994,AVISO,702
1994,CANCELACION,2
1994,CIRCULAR,19
1994,CONVENIO,162
1994,DECLARATORIA,606
1994,DECRETO,1600
1994,EXTRACTO,635
1994,FE,58
1994,NOTIFICACION,335
1994,OFICIO,464
1994,OTHER,3417
1994,RESOLUCION,410
1994,SOLICITUD,31
1994,TASAS,258
1994,TIPO,252
1995,ACTA,10
1995,ACUERDO,699
1995,AUTORIZACION,46
1995,AVISO,404
1995,CANCELACION,7
1995,CIRCULAR,28
1995,CONVENIO,88
1995,DECLARATORIA,48
1995,DECRETO,564
1995,EXTRACTO,106
1995,FE,14
1995,NOTIFICACION,141
1995,OFICIO,234
1995,OTHER,2006
1995,RESOLUCION,246
1995,SOLICITUD,19
1995,TASAS,253
1995,TIPO,250
1996,ACTA,11
1996,ACUERDO,553
1996,ADMINISTRACION,14
1996,AUTORIZACION,9
1996,AVISO,458
1996,CANCELACION,3
1996,CIRCULAR,38
1996,COMISION,15
1996,CONVENIO,183
1996,DECLARATORIA,54
1996,DECRETO,826
1996,ESTADOS,2935
1996,EXTRACTO,182
1996,FE,24
1996,GOBIERNO,2
1996,H,2
1996,INSTITUTO,107
1996,OFICIO,165
1996,OTHER,7327
1996,PETROLEOS,5
1996,RESOLUCION,245
1996,SECRETARIA,54
1996,SERVICIO,4
1996,SOLICITUD,24
1996,TASAS,260
1996,TIPO,252
1996,UNIVERSIDAD,2
1997,ACTA,7
1997,ACUERDO,829
1997,ADMINISTRACION,25
1997,AUTORIZACION,6
1997,AVISO,524
1997,CIRCULAR,54
1997,COMISION,3
1997,CONVENIO,157
1997,DECLARATORIA,41
1997,DECRETO,874
1997,ESTADOS,2348
1997,EXTRACTO,113
1997,FE,30
1997,GOBIERNO,7
1997,INSTITUTO,108
1997,NOTIFICACION,23
1997,OFICIO,169
1997,OTHER,6358
1997,PEMEX,23
1997,PETROLEOS,1
1997,RESOLUCION,310
1997,SECRETARIA,42
1997,SERVICIO,12
1997,SOLICITUD,18
1997,TASAS,263
1997,TIPO,250
1997,UNIVERSIDAD,3
1998,ACTA,12
1998,ACUERDO,896
1998,ADMINISTRACION,32
1998,AUTORIZACION,15
1998,AVISO,1086
1998,CIRCULAR,54
1998,COMISION,15
1998,CONVENIO,124
1998,DECLARATORIA,50
1998,DECRETO,771
1998,ESTADOS,2304
1998,EXTRACTO,232
1998,FE,16
1998,GOBIERNO,6
1998,INSTITUTO,100
1998,NOTIFICACION,3
1998,OFICIO,94
1998,OTHER,5684
1998,PEMEX,1
1998,PETROLEOS,3
1998,RESOLUCION,784
1998,SECRETARIA,40
1998,SERVICIO,74
1998,SOLICITUD,3
1998,TASAS,271
1998,TIPO,250
1998,UNIVERSIDAD,1
1999,ACTA,10
1999,ACUERDO,875
1999,ADMINISTRACION,151
1999,AUTORIZACION,9
1999,AVISO,7037
1999,CAMINOS,303
1999,CIRCULAR,124
1999,COMISION,1644
1999,CONVENIO,195
1999,DECLARACION,2
1999,DECLARATORIA,83
1999,DECRETO,580
1999,EXTRACTO,380
1999,FE,10
1999,GOBIERNO,1640
1999,H,44
1999,INSTITUTO,3597
1999,NOTIFICACION,5
1999,OFICIO,95
1999,OTHER,5114
1999,PEMEX,3198
1999,PETROLEOS,438
1999,RESOLUCION,390
1999,SECRETARIA,1468
1999,SERVICIO,204
1999,SOLICITUD,2
1999,TASAS,279
1999,TIPO,248
1999,UNIVERSIDAD,113
2000,ACTA,20
2000,ACUERDO,1140
2000,ADMINISTRACION,116
2000,AUTORIZACION,8
2000,AVISO,6400
2000,CAMINOS,293
2000,CIRCULAR,106
2000,COMISION,1347
2000,CONVENIO,247
2000,DECLARACION,3
2000,DECLARATORIA,157
2000,DECRETO,698
2000,EXTRACTO,219
2000,FE,16
2000,GOBIERNO,1970
2000,H,40
2000,INSTITUTO,2503
2000,NOTIFICACION,10
2000,OFICIO,99
2000,OTHER,5009
2000,PEMEX,3472
2000,PETROLEOS,329
2000,RESOLUCION,904
2000,SECRETARIA,1036
2000,SERVICIO,221
2000,SOLICITUD,3
2000,TASAS,284
2000,TIPO,249
2000,UNIVERSIDAD,107
2001,ACTA,17
2001,ACUERDO,875
2001,ADMINISTRACION,170
2001,AUTORIZACION,12
2001,AVISO,6376
2001,CAMINOS,378
2001,CANCELACION,17
2001,CIRCULAR,62
2001,COMISION,1328
2001,CONVENIO,172
2001,DECLARACION,5
2001,DECLARATORIA,120
2001,DECRETO,576
2001,EXTRACTO,273
2001,FE,16
2001,GOBIERNO,1801
2001,H,51
2001,INSTITUTO,2368
2001,NOTIFICACION,3
2001,OFICIO,138
2001,OTHER,4248
2001,PEMEX,3044
2001,PETROLEOS,205
2001,RESOLUCION,471
2001,SECRETARIA,1191
2001,SERVICIO,172
2001,SOLICITUD,2
2001,TASAS,290
2001,TIPO,251
2001,UNIVERSIDAD,133
2002,ACTA,13
2002,ACUERDO,828
2002,ADMINISTRACION,170
2002,AUTORIZACION,9
2002,AVISO,5944
2002,CAMINOS,312
2002,CANCELACION,19
2002,CIRCULAR,140
2002,COMISION,1167
2002,CONVENIO,290
2002,DECLARACION,1
2002,DECLARATORIA,121
2002,DECRETO,495
2002,EXTRACTO,242
2002,FE,15
2002,GOBIERNO,1733
2002,H,68
2002,INSTITUTO,1936
2002,NOTIFICACION,2
2002,OFICIO,130
2002,OTHER,4077
2002,PEMEX,3265
2002,PETROLEOS,157
2002,RESOLUCION,650
2002,SECRETARIA,1316
2002,SERVICIO,175
2002,SOLICITUD,4
2002,TASAS,287
2002,TIPO,251
2002,UNIVERSIDAD,180
2003,ACTA,10
2003,ACUERDO,975
2003,ADMINISTRACION,170
2003,AUTORIZACION,5
2003,AVISO,6437
2003,CAMINOS,316
2003,CANCELACION,14
2003,CIRCULAR,166
2003,COMISION,1336
2003,CONVENIO,282
2003,DECLARACION,2
2003,DECLARATORIA,198
2003,DECRETO,435
2003,EXTRACTO,240
2003,FE,9
2003,GOBIERNO,1170
2003,H,168
2003,INSTITUTO,2300
2003,NOTIFICACION,3
2003,OFICIO,68
2003,OTHER,3978
2003,PEMEX,2746
2003,PETROLEOS,161
2003,RESOLUCION,507
2003,SECRETARIA,1158
2003,SERVICIO,193
2003,SOLICITUD,2
2003,TASAS,274
2003,TIPO,249
2003,UNIVERSIDAD,163
2004,ACTA,12
2004,ACUERDO,1034
2004,ADMINISTRACION,226
2004,AUTORIZACION,6
2004,AVISO,6638
2004,CAMINOS,309
2004,CANCELACION,8
2004,CIRCULAR,975
2004,COMISION,1358
2004,CONVENIO,451
2004,DECLARATORIA,183
2004,DECRETO,489
2004,EXTRACTO,229
2004,FE,12
2004,GOBIERNO,992
2004,H,206
2004,INSTITUTO,2543
2004,NOTIFICACION,2
2004,OFICIO,60
2004,OTHER,3931
2004,PEMEX,2095
2004,PETROLEOS,225
2004,RESOLUCION,729
2004,SECRETARIA,1289
2004,SERVICIO,198
2004,SOLICITUD,2
2004,TASAS,280
2004,TIPO,256
2004,UNIVERSIDAD,150
2005,ACTA,9
2005,ACUERDO,1018
2005,ADMINISTRACION,292
2005,AUTORIZACION,7
2005,AVISO,6617
2005,CAMINOS,301
2005,CANCELACION,14
2005,CIRCULAR,1280
2005,COMISION,1262
2005,CONVENIO,505
2005,DECLARATORIA,220
2005,DECRETO,419
2005,ESTADOS,16
2005,EXTRACTO,314
2005,FE,6
2005,GOBIERNO,1322
2005,H,235
2005,INSTITUTO,2787
2005,OFICIO,44
2005,OTHER,3888
2005,PEMEX,1887
2005,PETROLEOS,168
2005,RESOLUCION,393
2005,SECRETARIA,1791
2005,SERVICIO,213
2005,SOLICITUD,5
2005,TASAS,276
2005,TIPO,251
2005,UNIVERSIDAD,166
2006,ACTA,9
2006,ACUERDO,1130
2006,ADMINISTRACION,236
2006,AUTORIZACION,6
2006,AVISO,7404
2006,CAMINOS,269
2006,CANCELACION,13
2006,CIRCULAR,1355
2006,COMISION,1587
2006,CONVENIO,515
2006,DECLARATORIA,215
2006,DECRETO,432
2006,ESTADOS,15
2006,EXTRACTO,303
2006,FE,9
2006,GOBIERNO,1439
2006,H,265
2006,INSTITUTO,3001
2006,NOTIFICACION,1
2006,OFICIO,48
2006,OTHER,4090
2006,PEMEX,1856
2006,PETROLEOS,110
2006,RESOLUCION,639
2006,SECRETARIA,1838
2006,SERVICIO,207
2006,SOLICITUD,3
2006,TASAS,239
2006,TIPO,246
2006,UNIVERSIDAD,225
2007,ACTA,12
2007,ACUERDO,1160
2007,ADMINISTRACION,268
2007,AUTORIZACION,11
2007,AVISO,7881
2007,CAMINOS,215
2007,CANCELACION,9
2007,CIRCULAR,926
2007,COMISION,1534
2007,CONVENIO,548
2007,DECLARATORIA,205
2007,DECRETO,349
2007,ESTADOS,3
2007,EXTRACTO,290
2007,FE,12
2007,GOBIERNO,1110
2007,H,343
2007,INSTITUTO,2809
2007,NOTIFICACION,1
2007,OFICIO,45
2007,OTHER,4155
2007,PEMEX,2054
2007,PETROLEOS,257
2007,RESOLUCION,282
2007,SECRETARIA,2287
2007,SERVICIO,274
2007,SOLICITUD,3
2007,TASAS,14
2007,TIPO,250
2007,UNIVERSIDAD,202
2008,ACTA,9
2008,ACUERDO,1233
2008,ADMINISTRACION,229
2008,AUTORIZACION,6
2008,AVISO,9358
2008,CAMINOS,309
2008,CANCELACION,8
2008,CIRCULAR,460
2008,COMISION,1779
2008,CONVENIO,644
2008,DECLARATORIA,220
2008,DECRETO,372
2008,ESTADOS,5
2008,EXTRACTO,365
2008,FE,10
2008,GOBIERNO,1067
2008,H,539
2008,INSTITUTO,2988
2008,NOTIFICACION,1
2008,OFICIO,61
2008,OTHER,4655
2008,PEMEX,1963
2008,PETROLEOS,151
2008,RESOLUCION,406
2008,SECRETARIA,2840
2008,SERVICIO,426
2008,TASAS,115
2008,TIPO,252
2008,UNIVERSIDAD,260
2009,ACTA,8
2009,ACUERDO,1420
2009,ADMINISTRACION,123
2009,AUTORIZACION,6
2009,AVISO,9031
2009,CAMINOS,267
2009,CANCELACION,10
2009,CIRCULAR,454
2009,COMISION,1631
2009,CONVENIO,954
2009,DECLARACION,1
2009,DECLARATORIA,190
2009,DECRETO,332
2009,ESTADOS,3
2009,EXTRACTO,303
2009,FE,16
2009,GOBIERNO,900
2009,H,617
2009,INSTITUTO,2774
2009,NOTIFICACION,6
2009,OFICIO,68
2009,OTHER,4164
2009,PEMEX,1351
2009,PETROLEOS,209
2009,RESOLUCION,409
2009,SECRETARIA,2390
2009,SERVICIO,286
2009,TASAS,263
2009,TIPO,251
2009,UNIVERSIDAD,328
2010,ACTA,11
2010,ACUERDO,1234
2010,ADMINISTRACION,182
2010,AUTORIZACION,7
2010,AVISO,10131
2010,CAMINOS,242
2010,CANCELACION,9
2010,CIRCULAR,574
2010,COMISION,1507
2010,CONVENIO,986
2010,DECLARACION,1
2010,DECLARATORIA,308
2010,DECRETO,315
2010,EXTRACTO,368
2010,FE,10
2010,GOBIERNO,929
2010,H,695
2010,INSTITUTO,2617
2010,NOTIFICACION,9
2010,OFICIO,56
2010,OTHER,3873
2010,PEMEX,1523
2010,PETROLEOS,154
2010,RESOLUCION,365
2010,SECRETARIA,2600
2010,SERVICIO,356
2010,TASAS,264
2010,TIPO,252
2010,UNIVERSIDAD,310
2011,ACTA,15
2011,ACUERDO,1604
2011,ADMINISTRACION,218
2011,AUTORIZACION,5
2011,AVISO,12661
2011,CAMINOS,248
2011,CANCELACION,17
2011,CIRCULAR,491
2011,COMISION,1756
2011,CONVENIO,1150
2011,DECLARATORIA,278
2011,DECRETO,390
2011,EXTRACTO,234
2011,FE,22
2011,GOBIERNO,1022
2011,H,627
2011,INSTITUTO,2457
2011,OFICIO,96
2011,OTHER,4409
2011,PEMEX,2186
2011,PETROLEOS,184
2011,RESOLUCION,450
2011,SECRETARIA,2558
2011,SERVICIO,291
2011,SOLICITUD,1
2011,TASAS,264
2011,TIPO,252
2011,UNIVERSIDAD,348
2012,ACTA,10
2012,ACUERDO,1929
2012,ADMINISTRACION,255
2012,AUTORIZACION,1
2012,AVISO,13004
2012,CAMINOS,252
2012,CANCELACION,2
2012,CIRCULAR,429
2012,COMISION,1952
2012,CONVENIO,1229
2012,DECLARACION,1
2012,DECLARATORIA,302
2012,DECRETO,463
2012,EXTRACTO,227
2012,FE,16
2012,GOBIERNO,1127
2012,H,533
2012,INSTITUTO,2826
2012,NOTIFICACION,93
2012,OFICIO,79
2012,OTHER,4291
2012,PEMEX,2050
2012,PETROLEOS,170
2012,RESOLUCION,377
2012,SECRETARIA,2290
2012,SERVICIO,300
2012,SOLICITUD,3
2012,TASAS,265
2012,TIPO,252
2012,UNIVERSIDAD,363
2013,ACTA,11
2013,ACUERDO,1403
2013,ADMINISTRACION,277
2013,AUTORIZACION,9
2013,AVISO,13200
2013,CAMINOS,158
2013,CANCELACION,6
2013,CIRCULAR,361
2013,COMISION,1966
2013,CONVENIO,1150
2013,DECLARATORIA,336
2013,DECRETO,335
2013,EXTRACTO,272
2013,FE,3
2013,GOBIERNO,1171
2013,H,747
2013,INSTITUTO,2396
2013,NOTIFICACION,86
2013,OFICIO,131
2013,OTHER,4371
2013,PEMEX,1829
2013,PETROLEOS,153
2013,RESOLUCION,177
2013,SECRETARIA,2724
2013,SERVICIO,308
2013,SOLICITUD,6
2013,TASAS,264
2013,TIPO,251
2013,UNIVERSIDAD,371
2014,ACTA,10
2014,ACUERDO,1377
2014,ADMINISTRACION,288
2014,AUTORIZACION,6
2014,AVISO,12857
2014,CAMINOS,190
2014,CANCELACION,5
2014,CIRCULAR,365
2014,COMISION,2131
2014,CONVENIO,1243
2014,DECLARATORIA,218
2014,DECRETO,372
2014,EXTRACTO,232
2014,FE,11
2014,GOBIERNO,1432
2014,H,1063
2014,INSTITUTO,2730
2014,NOTIFICACION,14
2014,OFICIO,121
2014,OTHER,5081
2014,PEMEX,1114
2014,PETROLEOS,648
2014,RESOLUCION,400
2014,SECRETARIA,2868
2014,SERVICIO,294
2014,SOLICITUD,2
2014,TASAS,262
2014,TIPO,251
2014,UNIVERSIDAD,456
2015,ACTA,11
2015,ACUERDO,2315
2015,ADMINISTRACION,270
2015,AUTORIZACION,8
2015,AVISO,11585
2015,CAMINOS,186
2015,CANCELACION,13
2015,CIRCULAR,320
2015,COMISION,1893
2015,CONVENIO,1380
2015,DECLARATORIA,386
2015,DECRETO,240
2015,EXTRACTO,467
2015,FE,8
2015,GOBIERNO,1221
2015,H,861
2015,INSTITUTO,2809
2015,NOTIFICACION,114
2015,OFICIO,100
2015,OTHER,4954
2015,PEMEX,25
2015,PETROLEOS,621
2015,RESOLUCION,301
2015,SECRETARIA,2687
2015,SERVICIO,298
2015,TASAS,263
2015,TIPO,251
2015,UNIVERSIDAD,396
2016,ACTA,11
2016,ACUERDO,1883
2016,ADMINISTRACION,293
2016,AUTORIZACION,9
2016,AVISO,11115
2016,CAMINOS,149
2016,CANCELACION,16
2016,CIRCULAR,277
2016,COMISION,1550
2016,CONVENIO,1821
2016,DECLARACION,2
2016,DECLARATORIA,843
2016,DECRETO,282
2016,EXTRACTO,267
2016,FE,7
2016,GOBIERNO,1136
2016,H,837
2016,INSTITUTO,2713
2016,NOTIFICACION,837
2016,OFICIO,108
2016,OTHER,4839
2016,PEMEX,1
2016,PETROLEOS,31
2016,RESOLUCION,248
2016,SECRETARIA,2235
2016,SERVICIO,266
2016,SOLICITUD,1
2016,TASAS,252
2016,TIPO,252
2016,UNIVERSIDAD,352
2017,ACTA,9
2017,ACUERDO,1527
2017,ADMINISTRACION,256
2017,AUTORIZACION,15
2017,AVISO,11643
2017,CAMINOS,227
2017,CANCELACION,8
2017,CIRCULAR,245
2017,COMISION,879
2017,CONVENIO,1376
2017,DECLARACION,1
2017,DECLARATORIA,581
2017,DECRETO,216
2017,EXTRACTO,256
2017,FE,5
2017,GOBIERNO,886
2017,H,793
2017,INSTITUTO,2678
2017,NOTIFICACION,99
2017,OFICIO,110
2017,OTHER,5108
2017,PEMEX,10
2017,PETROLEOS,113
2017,RESOLUCION,228
2017,SECRETARIA,2645
2017,SERVICIO,292
2017,SOLICITUD,1
2017,TASAS,251
2017,TIPO,251
2017,UNIVERSIDAD,395
2018,ACTA,9
2018,ACUERDO,1423
2018,ADMINISTRACION,171
2018,AUTORIZACION,22
2018,AVISO,12536
2018,CAMINOS,216
2018,CANCELACION,20
2018,CIRCULAR,248
2018,COMISION,664
2018,CONVENIO,1150
2018,DECLARACION,2
2018,DECLARATORIA,427
2018,DECRETO,291
2018,EXTRACTO,326
2018,FE,5
2018,GOBIERNO,869
2018,H,585
2018,INSTITUTO,2407
2018,NOTIFICACION,53
2018,OFICIO,238
2018,OTHER,4585
2018,PEMEX,3
2018,PETROLEOS,200
2018,RESOLUCION,158
2018,SECRETARIA,2689
2018,SERVICIO,212
2018,SOLICITUD,1
2018,TASAS,251
2018,TIPO,251
2018,UNIVERSIDAD,309
2019,ACTA,9
2019,ACUERDO,1172
2019,ADMINISTRACION,228
2019,AUTORIZACION,1
2019,AVISO,10483
2019,CAMINOS,163
2019,CANCELACION,2
2019,CIRCULAR,244
2019,COMISION,495
2019,CONVENIO,770
2019,DECLARACION,1
2019,DECLARATORIA,453
2019,DECRETO,155
2019,EXTRACTO,321
2019,FE,9
2019,GOBIERNO,645
2019,H,228
2019,INSTITUTO,2142
2019,NOTIFICACION,33
2019,OFICIO,130
2019,OTHER,4145
2019,PEMEX,1
2019,PETROLEOS,178
2019,RESOLUCION,139
2019,SECRETARIA,2446
2019,SERVICIO,197
2019,SOLICITUD,2
2019,TASAS,251
2019,TIPO,251
2019,UNIVERSIDAD,282
2020,ACTA,10
2020,ACUERDO,1702
2020,ADMINISTRACION,205
2020,AUTORIZACION,22
2020,AVISO,5849
2020,CAMINOS,125
2020,CANCELACION,15
2020,CIRCULAR,216
2020,COMISION,622
2020,CONVENIO,877
2020,DECLARACION,3
2020,DECLARATORIA,328
2020,DECRETO,177
2020,EXTRACTO,158
2020,FE,7
2020,GOBIERNO,604
2020,H,189
2020,INSTITUTO,1682
2020,NOTIFICACION,17
2020,OFICIO,109
2020,OTHER,3923
2020,PEMEX,1
2020,PETROLEOS,87
2020,RESOLUCION,142
2020,SECRETARIA,1966
2020,SERVICIO,111
2020,SOLICITUD,1
2020,TASAS,252
2020,TIPO,252
2020,UNIVERSIDAD,237
2021,ACTA,8
2021,ACUERDO,1479
2021,ADMINISTRACION,322
2021,AUTORIZACION,9
2021,AVISO,8137
2021,CAMINOS,145
2021,CANCELACION,14
2021,CIRCULAR,223
2021,COMISION,747
2021,CONVENIO,678
2021,DECLARATORIA,357
2021,DECRETO,181
2021,EXTRACTO,99
2021,FE,3
2021,GOBIERNO,463
2021,H,95
2021,INSTITUTO,2298
2021,NOTIFICACION,31
2021,OFICIO,158
2021,OTHER,4347
2021,PETROLEOS,157
2021,RESOLUCION,114
2021,SECRETARIA,2428
2021,SERVICIO,107
2021,SOLICITUD,4
2021,TASAS,253
2021,TIPO,253
2021,UNIVERSIDAD,296
2022,ACTA,11
2022,ACUERDO,1408
2022,ADMINISTRACION,369
2022,AUTORIZACION,14
2022,AVISO,9993
2022,CAMINOS,283
2022,CANCELACION,15
2022,CIRCULAR,264
2022,COMISION,911
2022,CONVENIO,923
2022,DECLARACION,7
2022,DECLARATORIA,250
2022,DECRETO,218
2022,EXTRACTO,286
2022,FE,10
2022,GOBIERNO,562
2022,H,138
2022,INSTITUTO,2665
2022,NOTIFICACION,26
2022,OFICIO,145
2022,OTHER,4386
2022,PETROLEOS,303
2022,RESOLUCION,91
2022,SECRETARIA,2503
2022,SERVICIO,162
2022,SOLICITUD,1
2022,TASAS,252
2022,TIPO,252
2022,UNIVERSIDAD,301
2023,ACTA,11
2023,ACUERDO,1343
2023,ADMINISTRACION,221
2023,AUTORIZACION,15
2023,AVISO,10673
2023,CAMINOS,268
2023,CANCELACION,13
2023,CIRCULAR,295
2023,COMISION,864
2023,CONVENIO,1118
2023,DECLARACION,2
2023,DECLARATORIA,80
2023,DECRETO,395
2023,EXTRACTO,251
2023,FE,11
2023,GOBIERNO,535
2023,H,115
2023,INSTITUTO,2520
2023,NOTIFICACION,6
2023,OFICIO,149
2023,OTHER,4618
2023,PETROLEOS,333
2023,RESOLUCION,112
2023,SECRETARIA,2775
2023,SERVICIO,95
2023,SOLICITUD,3
2023,TASAS,251
2023,TIPO,251
2023,UNIVERSIDAD,278
2024,ACTA,15
2024,ACUERDO,1205
2024,ADMINISTRACION,165
2024,AUTORIZACION,18
2024,AVISO,9042
2024,CAMINOS,322
2024,CANCELACION,17
2024,CIRCULAR,290
2024,COMISION,715
2024,CONVENIO,1032
2024,DECLARACION,8
2024,DECLARATORIA,77
2024,DECRETO,432
2024,EXTRACTO,316
2024,FE,6
2024,GOBIERNO,506
2024,H,117
2024,INSTITUTO,1917
2024,NOTIFICACION,20
2024,OFICIO,137
2024,OTHER,3966
2024,PETROLEOS,239
2024,RESOLUCION,146
2024,SECRETARIA,1841
2024,SERVICIO,83
2024,SOLICITUD,1
2024,TASAS,251
2024,TIPO,251
2024,UNIVERSIDAD,268
2025,ACTA,15
2025,ACUERDO,1384
2025,ADMINISTRACION,104
2025,AUTORIZACION,11
2025,AVISO,10443
2025,CAMINOS,278
2025,CANCELACION,6
2025,CIRCULAR,224
2025,COMISION,698
2025,CONVENIO,1087
2025,DECLARACION,14
2025,DECLARATORIA,76
2025,DECRETO,307
2025,EXTRACTO,94
2025,FE,9
2025,GOBIERNO,307
2025,H,147
2025,INSTITUTO,1860
2025,NOTIFICACION,49
2025,OFICIO,132
2025,OTHER,3776
2025,PETROLEOS,212
2025,RESOLUCION,152
2025,SECRETARIA,1586
2025,SERVICIO,85
2025,SOLICITUD,2
2025,TASAS,251
2025,TIPO,251
2025,UNIVERSIDAD,256
